id,slug,title,client_name,project_year,project_duration,short_description,description_html,result_html,service_slugs,url
karjewy,karjewy,Karjewy,,,180 дней,Разработка интернет-магазина на React + Node.js,"<p data-block-key=""qsjep"">Ювелирный дом Karjewy с более чем 18-летним опытом на ювелирном рынке предлагает эксклюзивные украшения, изготовленные из металлов высших проб и драгоценных камней. Каждая коллекция лично отбирается руководителем, а качество изделий подтверждено профессиональным геммологом. Покупатели получают сертификат подлинности и гарантийный талон на каждое изделие, купленное в онлайн-бутике. Особое внимание уделяется упаковке: каждое изделие поставляется в фирменной подарочной коробочке и защищенной транспортировочной упаковке. Karjewy — это не просто украшения, это эмоциональная связь, передающаяся из поколения в поколение и дополняющая вашу неотразимость. История длиною в вечность.</p> <p data-block-key=""d83mj"">Клиент — владелец премиального ювелирного бренда — обратился с запросом на разработку интернет-магазина, который сможет подчеркнуть уникальность продукции и обеспечить комфортное взаимодействие с покупателями. Основные требования к функционалу сайта включают:</p> <ul><li data-block-key=""484k9""><b>Интеграция с АМО CRM</b>, чтобы эффективно управлять процессами продаж и клиентской базой.</li><li data-block-key=""3vjup""><b>Мощный инструмент для работы с изображениями</b>, позволяющий автоматически конвертировать и сжимать фотографии товаров без потери качества, что важно для демонстрации ювелирных изделий.</li><li data-block-key=""dpp8p"">Реализация разнообразных способов взаимодействия с магазином, включая <b>предзаказы, быстрые и стандартные заказы, заявки на изготовление и консультации</b>, чтобы покупатель мог выбрать наиболее удобный для себя вариант.</li><li data-block-key=""7jlml""><b>Подключение Тинькофф эквайринга</b> для безопасной и удобной онлайн-оплаты.</li><li data-block-key=""5v65b"">Современный <b>каталог товаров</b> с полнотекстовым поиском и фасетными фильтрами для быстрого и точного подбора нужных изделий.</li><li data-block-key=""cenul""><b>Авторизация по СМС</b>, чтобы ускорить процесс входа и повысить безопасность учетных записей.</li><li data-block-key=""5ot1v""><b>Личный кабинет</b>, где пользователь сможет отслеживать свои заявки, заказы, добавлять товары в избранное и управлять корзиной.</li></ul> <p data-block-key=""hlgq"">Цель проекта — создать интернет-магазин, который соответствует премиальному статусу бренда и обеспечивает покупателям исключительный уровень сервиса.</p> <ul><li data-block-key=""mcn4b"">Интегрировали сайт с AMO CRM для автоматизации управления клиентами и повышения эффективности продаж.</li><li data-block-key=""doqos"">Настроили интеграцию с 1С, обеспечив синхронизацию данных по товарам, заказам и остаткам.</li><li data-block-key=""a2vvg"">Реализовали возможность импорта каталога через CSV-файл, чтобы клиент мог легко обновлять и дополнять ассортимент.</li><li data-block-key=""l9l4"">Разработали удобную админ-панель, позволяющую управлять всеми аспектами сайта, включая контент, заказы и настройки.</li><li data-block-key=""kjfn"">Добавили функции сжатия изображений и конвертации их в формат WebP для оптимизации скорости загрузки сайта без потери качества.</li><li data-block-key=""98g4r"">Создали сложную логику для обработки заказов, включая предзаказы, быстрые заказы и заявки на консультацию.</li><li data-block-key=""99res"">Внедрили полнотекстовый поиск, чтобы пользователи могли быстро находить нужные товары.</li><li data-block-key=""51bmo"">Реализовали динамическую фильтрацию каталога с автоматическим пересчетом количества товаров по каждому выбранному фильтру.</li><li data-block-key=""5oc9t"">Разработали личный кабинет, где пользователи могут управлять заказами, заявками, избранным и редактировать личные данные.</li><li data-block-key=""1f0ri"">Добавили возможность редактировать SEO-параметры (мета-теги, заголовки, описания) через панель администратора для повышения поисковой видимости сайта.</li><li data-block-key=""677to"">Разработали блог, который позволяет публиковать статьи, вдохновляющие покупателей и повышающие доверие к бренду.</li></ul>",,e-commerce,https://mediann.dev/portfolio/karjewy/
sajt-prezentaciya-stonehill,sajt-prezentaciya-stonehill,Сайт-презентация StoneHill,,,45 дней,Не просто сайт: Откройте для себя искусство со Stone Hill.,"<p data-block-key=""qled2"">Наш клиент — компания, специализирующаяся на изготовлении элементов архитектурного декора из натурального камня. Более 12 лет она создает уникальные фасады, которые украшают дома не только по всей России, но и в странах СНГ.</p> <p data-block-key=""d8c1j"">Основное направление работы клиента — производство высококачественных фасадов, объединяющих эстетику, долговечность и индивидуальный стиль. Современное высокотехнологичное оборудование, включая станки с числовым программным управлением, позволяет компании воплощать в жизнь самые сложные архитектурные формы — от классических до ультрасовременных.</p> <p data-block-key=""5o8if"">Команда уделяет большое внимание индивидуальному подходу к каждому проекту, качеству материалов и точному соблюдению сроков. Многолетний опыт, экспертиза и креативный подход делают их лидерами в своем сегменте, способными создавать поистине изысканные фасады, которые подчеркивают статус и уникальность каждого дома.</p> <p data-block-key=""2cbvt"">Работы компании, представленные в портфолио, говорят сами за себя: это настоящие произведения искусства, которые гармонично сочетают традиции и современные технологии.</p> <p data-block-key=""9sbda""><b>Идея проекта</b></p> <p data-block-key=""djvd"">Клиент мечтал не о простом сайте, а настоящем произведении искусства в интернете, которое запомнится каждому пользователю. Цель сайта - не только рассказывать о компании и её услугах, но и оставить неизгладимое впечатление. Им нужно было онлайн-представление, которое будет таким же величественным и запоминающимся, как и их работы.</p> <p data-block-key=""frdrv""><b>Функционал проекта</b></p> <ul><li data-block-key=""asrj6""><b>Легкость управления</b>: На сайте всё под вашим контролем! Добавляйте, меняйте или удаляйте информацию без головной боли и кодирования.</li><li data-block-key=""6kg7""><b>Мгновенная обратная связь</b>: Оставьте заявку и мгновенно получите презентацию компании прямо на вашу электронную почту.</li></ul>",,sites,https://mediann.dev/portfolio/sajt-prezentaciya-stonehill/
internet-magazin-cezars,internet-magazin-cezars,Интернет магазин Cezars,,,180 дней,Как мы расширили географию продаж для локального магазина,"<p data-block-key=""ykbkn"">Cezars -лидер в Дагестана и уже более 10 лет украшает рынок премиальной одежды, предоставляя клиентам возможность выглядеть уникально и стильно. С экономией в 5-15% по сравнению с конкурентами, Cezars выстраивает долгосрочные отношения с покупателями. Но амбиции Cezars не ограничиваются этим. Стремясь к экспансии и новым рынкам, мы совместно разработали для них современный интернет-магазин, открывающий новые горизонты для бренда.</p> <p data-block-key=""887tg"">Клиент обратился с запросом на разработку интернет-магазина, поскольку на момент обращения у компании имелся лишь один канал интернет-присутствия — Instagram аккаунт. Это создавало ограничения в представлении и продвижении продукции, а также в полноте взаимодействия с клиентами. Будучи уже достаточно известной в своём регионе, компания планировала расширение и выход на новые рынки. Владелец бизнеса был уверен, что запуск полноценного интернет-магазина позволит существенно увеличить охват и привлечь новых клиентов из других регионов, поддержав тем самым стратегию роста компании.</p> <p data-block-key=""1g3n7"">Мы внедрили следующие ключевые функции:</p> <ul><li data-block-key=""3srvb"">Карточка товара: Создание детальных карточек товаров с возможностью допродаж в самой карточке, обогащая пользовательский опыт и увеличивая средний чек.</li><li data-block-key=""b4e2n"">SEO-оптимизация: Глубокая оптимизация сайта для поисковых систем, с учетом множества нюансов, чтобы увеличить видимость бренда в поисковой выдаче и расширить охваты бизнеса.</li><li data-block-key=""9un94"">Интеграция с 1С: Автоматическое обновление товарных остатков и цен через интеграцию с 1С, обеспечивающая актуальность информации на сайте.</li><li data-block-key=""9e57l"">Система оплаты: Внедрение удобной системы оплаты картой, создание безопасного и понятного процесса покупки.</li><li data-block-key=""epauh"">Доставка со СДЭК: Интеграция с курьерской службой СДЭК для обеспечения быстрой и надежной доставки по всей России.</li><li data-block-key=""df751"">СМС-авторизация: Реализация СМС-авторизации для ускорения и упрощения процесса регистрации и входа в систему.</li><li data-block-key=""drga"">Кеширование: Применение технологии кэширования для увеличения скорости загрузки страниц, минимизации вероятности отказа клиентов от посещения сайта.</li><li data-block-key=""7ospr"">Автоматизация добавления фото: Ускорение процесса добавления фотографий товаров на сайт через скрипты, включая обработку и уменьшение разрешения фото для оптимальной скорости загрузки без потери качества.</li></ul> <p data-block-key=""31tv8"">Все эти функции были направлены на создание максимально удобного, быстрого и эффективного интернет-магазина, который не только точно передает суть бренда Cezars, но делает взаимодействие с компанией простым простым и удобным.</p>","<p data-block-key=""5usfh"">В проекте “Интернет магазин Cezars” мы добились впечатляющих результатов, выполнив ключевые бизнес-цели заказчика:</p> <ul><li data-block-key=""5s7pu""><b>Автоматизация</b>: Ускорили рабочие процессы, сэкономив время и ресурсы.</li><li data-block-key=""b2nrd""><b>География Продаж</b>: Расширили рынок до Кавказа с планами охвата всей России.</li><li data-block-key=""e2jv4""><b>Новые Заказы</b>: Открыли новый канал продаж, увеличив клиентскую базу.</li><li data-block-key=""4l4bc""><b>Онлайн Присутствие</b>: Укрепили бренд в интернете, выделив его среди конкурентов.</li><li data-block-key=""8u3i8""><b>Удобство и Эффективность</b>: Повысили удовлетворенность клиентов, облегчив покупки.</li><li data-block-key=""66b7j""><b>SEO Оптимизация</b>: улучшили поисковую выдачу интернет магазину и увеличили охваты по целевым запросам привлекая больше покупателей.</li></ul> <p data-block-key=""d6lrg"">Сейчас на сайт активно ведется трафик и собираются заявки покупателей и мы активно развиваем проект и улучшаем его для более удобного использования</p>",e-commerce,https://mediann.dev/portfolio/internet-magazin-cezars/
bank-scoring,bank-scoring,Сервис для банковского скоринга Anytender,,2014,90 дней,От часа до 5 минут: Как мы сократили время обработки заявок в 12 раз.,"<p data-block-key=""fiwy5"">БК Консалтинг — надежный брокер в сфере банковских услуг с 2014 года, специализирующийся на банковских гарантиях и лизинге. Благодаря сотрудничеству с более чем 60 банками-партнерами, компания добивается одобрения в 97% случаев, предлагая выгодные условия и индивидуальный подход. В 2023 году совокупная выручка партнеров составила 506 миллиардов рублей. Широкая сеть партнеров и экспертиза в финансах позволяют компании успешно работать даже с клиентами со сложными финансовыми условиями. Компания также оказывает услуги по страхованию контрактов и кредитованию бизнеса.</p> <p data-block-key=""ai3dt"">Клиент обратился с запросом на разработку веб-сервиса, чтобы оптимизировать процесс подбора банков для выдачи банковских гарантий. Менеджеры компании тратили значительное количество времени на ручной подбор банков, и даже при этом результаты могли быть неточными. Для решения этой проблемы требовалась автоматизация процесса. Основные требования включали интеграцию с ЕГРЮЛ/ЕГРИП для автоматического подтягивания данных организации по ИНН и интеграцию с сервисом Госзакупок РФ для получения данных о закупках по их номерам. Критически важной была возможность настройки критериев отбора банков с учетом различных федеральных законов (ФЗ) и типов продуктов. Сервис должен был сравнивать данные каждой заявки с требованиями банков, присваивать рейтинговые баллы и на их основе определять, какие банки с наибольшей вероятностью смогут выдать банковскую гарантию.</p> <ul><li data-block-key=""x8twr"">Сделали дружелюбный интерфейс, в котором все необходимое можно найти в три клика.</li><li data-block-key=""7aucj"">Реализовали интеграцию с API ЕГРЮЛ/ЕГРИП, что позволяет автоматически подтягивать данные организации по ИНН.</li><li data-block-key=""ab7ks"">Настроили интеграцию с реестром госзакупок, обеспечивая доступ к данным закупок по их номерам.</li><li data-block-key=""5giuh"">Разработали гибкую систему создания банков с более чем 500 настройками, позволяющую персонализировать критерии отбора для каждого банка.</li><li data-block-key=""67ftp"">Внедрили систему скоринга заявок, которая анализирует данные и присваивает баллы, определяя банки с наибольшей вероятностью выдачи гарантии.</li></ul>","<p data-block-key=""f6n5d"">В рамках проекта ""AnyTender"" для БРВ консалтинг были достигнуты следующие результаты: успешная интеграция с реестрами и внедрение автоматизированной системы оценки, которая соперничает с параметрами более 100 банков, оптимизация рабочих процессов, что проявилось в ускорении обработки заявок более чем в 10 раз: с часа до 5 минут, применение современных технологий, включая Python Django для надёжности и безопасности, а также React.JS для предоставления современного пользовательского интерфейса.</p>",web-services,https://mediann.dev/portfolio/bank-scoring/
alpha-stom,alpha-stom,Alpha Stom,,,30 дней,"Интернет-магазин, который привлек заявок на +3 млн. рублей","<p data-block-key=""wuxir"">Alpha Stom - магазин с большим ассортиментом товаров для стоматологических клиник. В данный момент магазин активно развивает как офлайн, так и онлайн продажи</p> <p data-block-key=""tog6t"">Клиент обратился с запросом на создание интернет-магазина, так как его бизнес только открылся, и возникла необходимость расширения клиентской базы за пределами региона офлайн присутствия. Это планировалось достичь за счет предложения более низких цен, чем у других игроков на рынке. Важным условием было создание простого и функционального магазина в сжатые сроки, чтобы быстро начать работу в онлайн-среде.Какие шаги были предприняты для обеспечения оперативной разработки интернет-магазина?Какие конкурентные преимущества планировал использовать клиент для успешного привлечения онлайн-покупателей?ПерефразируйПродолжай</p> <ul><li data-block-key=""d9hlr"">Разработали утилитарный строгий дизайн сайта, который не отвлекает посетителей от воронки продаж, позволяя им сосредоточиться на совершении покупок.</li><li data-block-key=""208ie"">Осуществили синхронизацию каталога с системой 1С, что полностью удовлетворяет запросам пользователя и обеспечивает актуальность данных о товарах.</li><li data-block-key=""4rtc0"">Продумали навигацию сайта таким образом, чтобы клиент из любой его части мог быстро и без усилий попасть в каталог, улучшая пользовательский опыт.</li><li data-block-key=""42f2s"">Создали мобильную версию сайта по образцу популярных мобильных приложений, что делает её привычной и удобной для пользователей.</li><li data-block-key=""dh27p"">Произвели интеграцию с КЛАДР для автоматического подтягивания адресов, ускоряя и упрощая процесс оформления заказов.</li><li data-block-key=""9oo5o"">Реализовали всю логику сайта на платформе WordPress с использованием Woocommerce, что позволило сэкономить время и уложиться в сжатые сроки разработки.</li><li data-block-key=""ee5pc"">Интеграция с Retail CRM для того, чтобы собрать заявки со всех каналов в одном окне</li></ul>",,e-commerce,https://mediann.dev/portfolio/alpha-stom/
caspian-apartments,caspian-apartments,Caspian Apartments,,,12 месяц,"Сайт, который принес 5 миллионов за 12 месяцев и окупился больше 30 раз.","<p data-block-key=""wa4xi"">Основателем проекта ""Caspian Apartments"" является владелец нескольких квартир в Дагестане, которые он предлагает в аренду туристам. После долгого использования сторонних сервисов для управления своими объектами, он решил собрать все свои квартиры на в одном месте.</p> <p data-block-key=""ceksh"">Клиент обратился с запросом на разработку лендинга, поскольку желал создать независимую площадку, которая смогла бы привлекать часть поискового трафика напрямую, дополнительно к имеющимся аккаунтам на сервисах бронирования. В условиях низкой конкуренции в регионе он видел в этом стратегическое преимущество. Одним из ключевых требований было завершение разработки в кратчайшие сроки — за 2 недели, чтобы успеть к началу туристического сезона. </p> <p data-block-key=""3gfv4"">Сайт должен был в полной мере соответствовать айдентике квартир, чтобы создавать у посетителей правильное впечатление и укреплять бренд. Кроме того, необходимым пунктом была интеграция с системой Bnovo CRM, чтобы автоматизировать процесс обработки заявок и оптимизировать работу персонала.</p> <p data-block-key=""xp225""><b>Функционал проекта</b></p> <p data-block-key=""bfn33""><b>Подробные карточки апартаментов</b>: На сайте представлены карточки каждого апартамента, в которых содержится подробная информация о площади, количестве гостей и других параметрах. Каждая карточка сопровождается яркими и качественными фотографиями, которые помогают посетителям сайта лучше представить, что их ждет.</p> <p data-block-key=""egdj5""><b>Блок с партнерами</b>: На сайте представлен блок с партнерами в области туризма и автопроката. Это позволяет пользователям получить все необходимые услуги для комфортного отдыха в одном месте.</p> <p data-block-key=""6cc1a""><b>Интеграция с другими сервисами бронирования</b>: Одной из ключевых особенностей проекта является интеграция с другими платформами бронирования. Это значит, что если апартаменты забронированы на одном из этих сервисов, информация об этом автоматически отражается на ""Caspian Apartments"", предотвращая двойное бронирование.</p> <p data-block-key=""4ucvj""><b>Быстрая загрузка страниц</b>: Благодаря использованию современных технологий и оптимизации контента, скорость загрузки страниц сайта значительно превышает средний показатель по отрасли. Это позволяет пользователям быстро получить необходимую информацию и сделать выбор в пользу бронирования апартаментов.</p> <p data-block-key=""8oe8j""><b>Низкие показатели отказов</b>: Благодаря быстрой загрузке страниц, удобному интерфейсу и высокой производительности сайт ""Caspian Apartments"" обладает низкими показателями отказов. Это значит, что посетители сайта остаются на нем, чтобы совершить бронирование, а не уходят на другие ресурсы.</p> <p data-block-key=""61bst""><b>Удобная админ-панель для работы с контентом</b>: Мы разработали удобную админ-панель, которая позволяет владельцу сайта самостоятельно управлять контентом, менять фотографии и обновлять информацию о свободных апартаментах без необходимости обращения к разработчикам.</p> <p data-block-key=""dl4ku"">Все эти функции делают сайт ""Caspian Apartments"" удобным и эффективным инструментом для бронирования апартаментов в Дагестане. Благодаря интеграции с другими сервисами, удобному интерфейсу и быстрой загрузке страниц, ""Caspian Apartments"" предлагает пользователям высококачественный сервис и помогает владельцу сайта успешно развивать свой бизнес.</p>",,sites,https://mediann.dev/portfolio/caspian-apartments/
smm-platforma-likemenow,smm-platforma-likemenow,SMM-платформа LIkeMeNow,,,45 дней,Как мы за 45 дней сделали сервис на 15 тысяч уникальных пользователей в месяц,"<p data-block-key=""abf65"">Сервис Likemenow помогает закупать трафик и другие целевые действия в социальные сети.</p> <p data-block-key=""f3k7l"">Клиент обратился с запросом на разработку веб-сервиса с набором ключевых требований, которые должны были обеспечить его широкую доступность и удобство использования независимо от географического положения пользователей. Одним из первых и наиболее значительных требований была мультиязычность, чтобы ресурс мог удовлетворять нужды международной аудитории. Также была необходима возможность приема различных способов оплаты: карт ""Мир"" для российских пользователей, карт Visa и MasterCard, PayPal для пользователей из-за рубежа, и криптовалют для клиентов по всему миру.</p> <p data-block-key=""5qdhg"">Сервис должен был включать в себя личный кабинет пользователя, где каждый сможет управлять своими данными и настройками. Дополнительной значимой функциональностью стала разработка логики промокодов, которая позволяет пользователям использовать скидки и специальные предложения. Кроме того, клиент хотел внедрить реферальную систему, стимулирующую пользователей рекомендовать сервис своим знакомым и друзьям.</p> <ul><li data-block-key=""hm0na"">Разработали реферальную систему, которая помогает пользователям делиться сервисом с другими и получать за это вознаграждения.</li><li data-block-key=""apubm"">Внедрили логику промокодов, позволяющую пользователям использовать специальные предложения и скидки.</li><li data-block-key=""67pe8"">Реализовали логику быстрых заказов для тех, кто предпочитает не регистрироваться, обеспечивая удобство и скорость обслуживания.</li><li data-block-key=""1m7fb"">Настроили систему email рассылок для информирования текущих пользователей о новостях и акциях.</li><li data-block-key=""b2vl7"">Обеспечили поддержку различных способов оплаты: карты ""Мир"" для российских пользователей, карты Visa и MasterCard, PayPal для международных клиентов, а также приём криптовалют для пользователей по всему миру.</li><li data-block-key=""fs8oe"">Добавили поддержку русского и английского языков в интерфейсе, чтобы сделать сервис доступным для более широкой аудитории.</li><li data-block-key=""6deha"">Создали личный кабинет пользователя, где можно управлять личной информацией и настройками.</li><li data-block-key=""1n47l"">Разработали логику бонусного кешбэка при депозите в сервис, стимулируя пользователей делать больше транзакций.</li></ul>",,web-services,https://mediann.dev/portfolio/smm-platforma-likemenow/
bot-obmennik-spread-squad,bot-obmennik-spread-squad,Бот-обменник Spread Squad,,,45 дней,Первый в СНГ Telegram Mini App для обмена валют в 7 странах мира,"<p data-block-key=""uatfa"">Spread Squad - один из крупнейших в России сервисов обмена валют и криптовалют, работающий в 7 странах мира.</p> <p data-block-key=""6uycm"">Клиент обратился с запросом на разработку веб-сервиса на базе Telegram Mini Apps для обменника, который функционирует в 7 городах. Одним из ключевых требований было отображение времени работы в каждом городе в соответствии с часовым поясом пользователя, чтобы повысить удобство взаимодействия. Важно было, чтобы каждая формула расчета курса валют могла легко изменяться в панели администратора, так как они варьируются для каждого направления обмена. Поскольку курсы валют постоянно изменяются, система должна хранить актуальные данные для точности обменных операций.</p> <p data-block-key=""eo095"">С учетом того, что список валют, направлений и городов ежемесячно расширяется, клиенту требовалось удобное управление этими элементами через админку. Важной функциональной частью должна была стать реферальная система для пользователей, а также программа лояльности, рассчитанная на основе объема обменов. Обработка заявок должна осуществляться круглосуточно, а возможность делания рассылок позволит поддерживать связь с клиентами и информировать их о важных обновлениях.</p> <ul><li data-block-key=""4rgwz"">Разработали сервис парсинга курсов валют с различных бирж, обеспечивая актуальные данные для пользователей.</li><li data-block-key=""a0pir"">Создали конструктор формул для расчета курсов направлений обмена, что позволяет гибко настраивать обменные курсы.</li><li data-block-key=""3rsa5"">Спроектировали удобную админку, через которую можно управлять всеми компонентами системы всего в три клика.</li><li data-block-key=""evf5q"">Разработали интуитивный интерфейс, стилистически перекликающийся с приложением Telegram, чтобы пользователи чувствовали себя комфортно и уверенно.</li><li data-block-key=""clb53"">Реализовали реферальную систему, которая стимулирует пользователей приглашать новых клиентов.</li><li data-block-key=""7l4r6"">Внедрили систему скидок, зависящую от объема обмена, адаптированную под каждое направление.</li></ul>",,web-services,https://mediann.dev/portfolio/bot-obmennik-spread-squad/
internet-magazin-dlya-kovrovogo-centra-altyn,internet-magazin-dlya-kovrovogo-centra-altyn,Интернет магазин Алтын,,,240 дней,Как мы разработали интернет магазин с выручкой +2 млн. руб в месяц,"<p data-block-key=""vv6qc"">Алтын - один из лидеров на рынке ковровых изделий в Дагестане С учетом экологичности материалов и уникальности дизайна, Алтын завоевывает доверие своих клиентов уже многие годы. Для увеличения охвата продаж и повышения эффективности работы руководство решило обновить свой сайт, который уже не отвечал требованиям клиентов и требованиям рынка Пора было идти дальше - и мы помогли им в этом, создав интернет-магазин, который отражает душу и сердце бренда.</p> <p data-block-key=""xqec6"">Клиент обратился с запросом на обновление интернет-магазина, который ранее функционировал на платформе WordPress. Существующая система становилась всё более трудной в поддержке и развитии в соответствии с уникальными потребностями клиента, что обусловлено её ограничениями, заставляющими подстраиваться под уже существующую конструкцию платформы. Существенной проблемой оказалась ограниченная интеграция с системой 1С, из-за которой не было возможности реализовать каталог товаров в том виде, который соответствовал бы ожиданиям клиента.</p> <p data-block-key=""8bs5"">Кроме того, дизайн сайта значительно устарел, что отражалось на его способности привлечь и удержать пользователей. Структура интернет-магазина не способствовала увеличению продаж и нуждалась в серьезных изменениях для более эффективного представления товаров и услуг.</p> <p data-block-key=""6mup7"">К числу других значительных проблем относилась медленная загрузка страниц сайта, что неблагоприятно влияло на пользовательский опыт и уход посетителей, а также недостаточная устойчивость ресурса к высоким нагрузкам, что особенно важно в периоды сезонных акций и распродаж, когда поток клиентов резко возрастает.</p> <ul><li data-block-key=""wtksy"">Разработали утилитарный строгий дизайн сайта, который не отвлекает посетителей от воронки продаж, тем самым усиливая их фокус на совершении покупки.</li><li data-block-key=""dh4g1"">Реализовали гибкую синхронизацию каталога с системой 1С, отвечающую всем требованиям клиента, что позволило оптимизировать процесс управления товарными запасами.</li><li data-block-key=""tr6h"">Обеспечили возможность персонализированных продаж для разных групп аудиторий, улучшив таргетированность маркетинговых усилий.</li><li data-block-key=""e3q2m"">Внедрили три способа оформления заказов, чтобы пользователь мог выбрать наиболее удобный вариант для себя, тем самым повышая удовлетворенность клиентов и снижая вероятность отказов.</li><li data-block-key=""6112f"">Добавили лид-магниты для повышения конверсии в заявку, стимулируя заинтересованность и вовлеченность пользователей.</li><li data-block-key=""4319l"">Внедрили 3D визуализацию ковра, что дает пользователям возможность детально рассмотреть продукт перед покупкой, улучшая восприятие и доверие.</li><li data-block-key=""3tris"">Продумали навигацию, позволяющую клиенту из любой части сайта быстро попасть в каталог, что упрощает поиск и способствует улучшению пользовательского опыта.</li><li data-block-key=""k2c6"">Разработали мобильную версию сайта по образцу популярных мобильных приложений, что сделало её более интуитивно понятной и удобной для пользователей.</li><li data-block-key=""ehi5v"">Объединили процессы авторизации и регистрации, чтобы уменьшить количество шагов при заказе, минимизируя трения на пути клиента. - Интегрировали с КЛАДР для автоматического подтягивания адресов, упрощая и ускоряя процесс заполнения форм доставки.</li><li data-block-key=""eb4vi"">Подключили интернет-эквайринг от Тбанка, обеспечив надежный и удобный способ получения платежей, что улучшает финансовую безопасность и комфорт при совершении покупок.</li><li data-block-key=""9p21g"">Добавили полнотекстовый поиск на сайт, позволяющий пользователям легко находить нужные товары по ключевым словам и фразам.</li><li data-block-key=""9d72o"">Провели большую работу по SEO для повышения позиций в поисковой выдаче</li></ul>","<p data-block-key=""8ne5v"">Проект ""Интернет магазин Алтын"" привел к ряду значимых достижений:</p> <ul><li data-block-key=""f5pdq"">20000 ежемесячных уникальных пользователей</li><li data-block-key=""7svtv"">Заявки на более 2 млн рублей ежемесячно</li><li data-block-key=""9sqrt"">Рост переходов из поиска в 6 раз за год</li></ul> <p data-block-key=""5un72"">На данный момент активно развиваем проект, наращивая функционал для повышения дальнейшних продаж</p>",e-commerce,https://mediann.dev/portfolio/internet-magazin-dlya-kovrovogo-centra-altyn/
